itemCategoryId,itemCategoryName,itemCategoryImage,itemCategoryDescription
100,.@yopmail.com,Elbertina,DO
101,.@yopmail.com,McGrody,Gt
102,.@yopmail.com,Creamer,pc
103,.@yopmail.com,Erb,Nl
104,.@yopmail.com,Bertold,Qq
105,.@yopmail.com,Cimbura,cj
106,.@yopmail.com,Martguerita,Za
107,.@yopmail.com,Secrest,vK
108,.@yopmail.com,Manolo,Wt
109,.@yopmail.com,Harday," j"
110,.@yopmail.com,Salvidor,bG
111,.@yopmail.com,Camden,Ox
112,.@yopmail.com,Torray,cp
113,.@yopmail.com,Maroney,du
114,.@yopmail.com,Zola,nQ
115,.@yopmail.com,Ries,dq
116,.@yopmail.com,Vale,eP
117,.@yopmail.com,Shuler,dK
118,.@yopmail.com,Jorgan,zw
119,.@yopmail.com,Marcellus,Mp
120,.@yopmail.com,Roche,Hb
121,.@yopmail.com,Herrera,EL
122,.@yopmail.com,Riva,vz
123,.@yopmail.com,Christal,"q "
124,.@yopmail.com,Tatianas,vc
125,.@yopmail.com,Dahlia,Ca
126,.@yopmail.com,Cloris,WS
127,.@yopmail.com,Donell,kt
128,.@yopmail.com,Shaddock,oB
129,.@yopmail.com,Chinua,ij
130,.@yopmail.com,Bethany,li
131,.@yopmail.com,Croix,wQ
132,.@yopmail.com,Fink,Ig
133,.@yopmail.com,Erminia,"w "
134,.@yopmail.com,Connelly,tA
135,.@yopmail.com,Remmer,RK
136,.@yopmail.com,Grosz,nq
137,.@yopmail.com,Si,uq
138,.@yopmail.com,Jerold,vn
139,.@yopmail.com,Gusella,zd
140,.@yopmail.com,Telfer,Ja
141,.@yopmail.com,Desai,ou
142,.@yopmail.com,Pillsbury,Uq
143,.@yopmail.com,Merna,aj
144,.@yopmail.com,Arvo,kN
145,.@yopmail.com,Shelba,rP
146,.@yopmail.com,Desai,am
147,.@yopmail.com,Arquit,FW
148,.@yopmail.com,Gerge,Nr
149,.@yopmail.com,Ingra,wc
150,.@yopmail.com,Leifeste,Fk
151,.@yopmail.com,Ball,DB
152,.@yopmail.com,Corilla,VF
153,.@yopmail.com,Vary,FG
154,.@yopmail.com,Idelia,Wi
155,.@yopmail.com,Carey,YK
156,.@yopmail.com,Korey,IB
157,.@yopmail.com,Ambrosia,tg
158,.@yopmail.com,Hermes,aa
159,.@yopmail.com,Sheng,Jx
160,.@yopmail.com,Berl,Am
161,.@yopmail.com,Henrie,SV
162,.@yopmail.com,Afton,nE
163,.@yopmail.com,Lumbard,Vd
164,.@yopmail.com,Heidt,lB
165,.@yopmail.com,Manolo,Rm
166,.@yopmail.com,Aurelio,qO
167,.@yopmail.com,Carey,uQ
168,.@yopmail.com,Hartnett,hG
169,.@yopmail.com,Guthrie,bQ
170,.@yopmail.com,Sigfrid,EW
171,.@yopmail.com,Franza,hn
172,.@yopmail.com,Liebermann,Tr
173,.@yopmail.com,Karl,zr
174,.@yopmail.com,Lalitta,Vm
175,.@yopmail.com,Seumas,vK
176,.@yopmail.com,Rosemary,CM
177,.@yopmail.com,Garlinda,CW
178,.@yopmail.com,Merat,Fy
179,.@yopmail.com,Rossner,BH
180,.@yopmail.com,Khorma,Bc
181,.@yopmail.com,Lilas,lM
182,.@yopmail.com,Jorgan,Ao
183,.@yopmail.com,Shaddock,te
184,.@yopmail.com,Claudine,Ra
185,.@yopmail.com,Israeli,eK
186,.@yopmail.com,Vittoria,GG
187,.@yopmail.com,Zina,ic
188,.@yopmail.com,Vilma,GS
189,.@yopmail.com,Adlare,Tx
190,.@yopmail.com,Bouchard,Dj
191,.@yopmail.com,Daniele,zw
192,.@yopmail.com,Sekofski,Pu
193,.@yopmail.com,Pearse,Uv
194,.@yopmail.com,Allina,rK
195,.@yopmail.com,Sekofski,VL
196,.@yopmail.com,Gower,iq
197,.@yopmail.com,Felecia,vC
198,.@yopmail.com,Maribeth,rJ
199,.@yopmail.com,Agle,hA